date,code,km,stay,weight,visit
2020-05-03,30250,,1.0,6.840603047213652e-06,0.0
2020-05-03,30300,,1.0,3.989625872219353e-05,0.0
2020-05-03,30370,11.062967108457595,0.9814169492725529,0.00014963560675473067,0.0
2020-05-03,30410,,1.0,2.2530687139024048e-05,0.0
2020-05-03,30760,,1.0,1.7040614639958063e-05,0.0
2020-05-03,30900,,1.0,2.9232853566455254e-06,0.0
2020-05-03,31000,11.195224432200732,0.9212964066732349,0.017725822702079824,0.42032738391327806
2020-05-03,31820,10.125230250210262,0.9584408793260183,0.001336467684482016,0.0
2020-05-03,31900,9.20902969643435,0.9909340808496355,0.00017302075129659947,0.0
2020-05-03,31950,,1.0,5.598277118293808e-06,0.0
2020-05-03,32080,10.612514033280817,0.9465094408111149,0.001987819560919714,0.008321870876278588
2020-05-03,32250,,1.0,1.8894405353928397e-05,0.0
2020-05-03,32260,9.317584089234655,0.9970925372324068,0.0002697527480100403,0.0
2020-05-03,32270,17.923800327353906,0.9754745046691615,0.00042398533463070535,0.0009843629658042566
2020-05-03,32310,,1.0,0.00011335414921571103,0.0
2020-05-03,32330,,1.0,7.068498976035494e-06,0.0
2020-05-03,32450,9.070195017096204,0.999528750425653,4.1604164887829366e-05,7.923741641208507e-05
2020-05-03,32500,9.536134595611596,0.9700874445094527,8.653056553923408e-05,0.0004205306652701387
2020-05-03,32600,,1.0,8.555957141401538e-07,0.0
2020-05-03,32770,,1.0,3.955875022937907e-06,0.0
2020-05-03,32810,,1.0,4.6856426896923925e-05,0.0
2020-05-03,33100,,1.0,2.5667871424204615e-06,0.0
2020-05-03,33200,,1.0,1.4259928569002563e-05,0.0
2020-05-03,33220,11.91860102981991,0.9648977544726939,0.0015132431877673985,0.0
2020-05-03,33360,11.061897341341883,0.9561147422366593,0.0007148606263402632,0.0
2020-05-03,33430,12.081407043069408,0.9508731941097385,0.007599970810332108,0.015505944034899926
2020-05-03,33610,,1.0,7.336269519030801e-05,0.0
2020-05-03,33620,9.324252815281369,0.9705906131758406,0.0006036715819530106,0.0
2020-05-03,33800,,1.0,8.142800963998551e-05,0.0
2020-05-03,33960,11.503581037584812,0.9511481691740089,0.0035584979254816135,0.08172228464534732
2020-05-03,33980,19.35993747159058,0.9039657430624446,0.00039880774777294,0.0005668624422587163
2020-05-03,34420,,1.0,4.206678927855756e-06,0.0
2020-05-03,34530,8.977937661049634,0.9787991401963183,0.0002792261559095532,0.008739970314541884
2020-05-03,34580,8.663363722598108,0.9833746699489635,0.0006972388895062695,0.013837298585151718
2020-05-03,34590,11.167475294973617,0.9415963118350749,0.005159335432983642,0.17885695771922502
2020-05-03,34710,,1.0,3.8074009279236845e-05,0.0
2020-05-03,34770,9.749089822574946,0.9553262220773243,0.00159121854523962,0.0
2020-05-03,34800,9.070195017094688,0.9226986193125122,1.3581758674210548e-05,2.0822976744415588e-05
2020-05-03,34860,,1.0,0.00015495775982735273,0.0
2020-05-03,34880,10.70889970330719,0.9766425114196039,0.0003653708194586708,0.008032130310650996
2020-05-03,35010,11.837876654736663,0.9428011826372094,0.006350425230193945,0.1468960810060382
2020-05-03,35250,,1.0,6.630866784586192e-06,0.0
2020-05-03,35300,9.141027426818164,0.9361837906828334,0.0003351796210144052,0.0
2020-05-03,35600,,1.0,3.600631963673147e-05,0.0
2020-05-03,35670,9.536134595611664,0.9597961790250404,5.224228610550273e-06,0.0002036370050300359
2020-05-03,35740,10.942763747607788,0.9647816785854244,0.0006742081429439861,0.008793639724773969
2020-05-03,35760,,1.0,0.00010202978891121334,0.0
2020-05-03,35780,,1.0,6.3341985577597335e-06,0.0
2020-05-03,35800,,1.0,1.1194043926667012e-05,0.0
2020-05-03,36070,,1.0,3.2797835708705896e-06,0.0
2020-05-03,36150,,1.0,6.060469641826089e-06,0.0
2020-05-03,36250,11.619942149374479,0.9483155494899059,0.0018254007978852733,0.058397287670982186
2020-05-03,36300,,1.0,7.914260355796422e-06,0.0
2020-05-03,36370,10.975354832500742,0.9647728655477651,0.001147550997061998,0.006725539401100275
2020-05-03,36510,8.697114132989336,0.9992130513270171,0.00042900351872503993,0.00027184185794467417
2020-05-03,36580,8.841624104710641,0.9931462939620875,0.000343568653800301,0.00014604041517735496
2020-05-03,36630,,1.0,0.0003322876743007798,0.0
2020-05-03,36660,8.610808052230823,0.9792704222488372,0.00039210443077527244,0.0
2020-05-03,36720,10.06512959723359,0.9626274479845222,0.003320250744262052,0.009957455995807895
2020-05-03,36820,,1.0,0.00023671289040436927,0.0
2020-05-03,36910,9.138631022710037,0.9647183075445915,0.0019328005244446799,0.013192206933133272
2020-05-03,36950,,1.0,3.516219357803773e-05,0.0
2020-05-03,36960,,1.0,1.568592142590282e-06,0.0
2020-05-03,37010,11.010027911647368,0.915884388156892,0.002888752485912196,0.0
2020-05-03,37300,9.536134595611635,0.9590748718838256,4.794137817283763e-06,0.00019435275627000513
2020-05-03,37310,8.714609857363259,0.9945180334706304,0.00033816162576671185,0.0
2020-05-03,37340,9.168230355598707,0.9835266716609278,0.0004977414860194707,0.0007711977555164148
2020-05-03,37400,,1.0,1.0267148569681846e-05,0.0
2020-05-03,37550,,1.0,6.045674051818877e-06,0.0
2020-05-03,37570,,1.0,1.2006212958909762e-07,0.0
2020-05-03,37600,,1.0,6.222539320455591e-06,0.0
2020-05-04,30250,,1.0,7.207031676434486e-06,0.0
2020-05-04,30300,,1.0,3.998573798824317e-05,0.0
2020-05-04,30370,11.085602051383725,0.9652781459337764,0.00015195540999820667,0.0
2020-05-04,30410,,1.0,1.925090356815346e-05,0.0
2020-05-04,30760,,1.0,1.6898015354268038e-05,0.0
2020-05-04,30900,,1.0,3.2797835708705896e-06,0.0
2020-05-04,31000,12.318488093415196,0.9071401404085022,0.018341528032222654,0.5196837538750595
2020-05-04,31820,10.829512996578176,0.9484852832326546,0.0013605344902347452,0.0
2020-05-04,31900,9.207484762017376,0.9814886131951501,0.00017717654573623317,0.0
2020-05-04,31950,,1.0,4.884366747343373e-06,0.0
2020-05-04,32080,10.94541385113171,0.942754720020767,0.0020288091058854726,0.007471399701378713
2020-05-04,32250,,1.0,1.9464802496688498e-05,0.0
2020-05-04,32260,9.317584089234819,0.9889525246782034,0.0002646111687507363,0.0
2020-05-04,32270,16.102295978631346,0.9605685116304765,0.00043204768528130487,0.0007581988229887673
2020-05-04,32310,20.623575979706228,0.9999846057070652,0.00011383477790679015,0.0
2020-05-04,32330,,1.0,6.774667345094032e-06,0.0
2020-05-04,32450,9.070195017095477,0.9995764232030812,4.3200860216920597e-05,4.610216622860401e-05
2020-05-04,32500,9.536134595611585,0.9679709724496611,8.85623184347048e-05,0.0003358522330208124
2020-05-04,32600,,1.0,7.84296071295141e-07,0.0
2020-05-04,32770,,1.0,3.6002907512131513e-06,0.0
2020-05-04,32810,,1.0,4.772021476055709e-05,0.0
2020-05-04,33100,,1.0,2.9945849994905384e-06,0.0
2020-05-04,33200,,1.0,1.547202249736778e-05,0.0
2020-05-04,33220,13.774498104183051,0.9546466720935922,0.0015327905356216584,0.0
2020-05-04,33360,11.290308608910593,0.9447584818677915,0.000718914005397637,0.0
2020-05-04,33430,14.624945973686842,0.9383977776032022,0.00768003971676528,0.03069680675098132
2020-05-04,33610,,1.0,7.132038141364532e-05,0.0
2020-05-04,33620,9.212481901029943,0.967158977860934,0.0006057241540632647,0.0
2020-05-04,33800,,1.0,7.949108049252533e-05,0.0
2020-05-04,33960,14.516422625184742,0.9186202619676155,0.003634474712499104,0.06294669413306832
2020-05-04,33980,20.22997660934189,0.8996629782719106,0.000419298080774989,0.0003251020888565755
2020-05-04,34420,,1.0,4.705776427770846e-06,0.0
2020-05-04,34530,15.09030092651079,0.9454870754009911,0.000286207452314735,0.0070124346222511375
2020-05-04,34580,8.663349536829026,0.9786668636143833,0.0006863117311532363,0.007725758471478181
2020-05-04,34590,14.00531309177155,0.9174021008489153,0.0052544940495514725,0.1555342519977343
2020-05-04,34710,,1.0,3.885830535053198e-05,0.0
2020-05-04,34770,10.923453507254367,0.9384188749009595,0.0016197852861530011,0.0
2020-05-04,34800,9.0701950170947,0.9210579976788493,1.2412861202189386e-05,1.2115290713832371e-05
2020-05-04,34860,8.742450586407987,0.9901450456109087,0.0001591678744172162,0.0
2020-05-04,34880,11.354556392870355,0.9694980570573984,0.0003662570078263214,0.004793088294840436
2020-05-04,35010,14.779449546623471,0.9234091527946361,0.006447833141106499,0.10512196740236482
2020-05-04,35250,,1.0,7.272563570191307e-06,0.0
2020-05-04,35300,9.38222593950388,0.9263265306122449,0.0003493682499405628,0.0
2020-05-04,35600,8.754414119418298,0.9769503546099291,4.0212998564587226e-05,0.0
2020-05-04,35670,9.536134595611603,0.9481350746948257,5.209929111145827e-06,0.00011711275511870495
2020-05-04,35740,13.45433299567598,0.9626183338992625,0.0006839417580761844,0.010090544626574056
2020-05-04,35760,,1.0,0.00010117419319707318,0.0
2020-05-04,35780,,1.0,6.9053148211643e-06,0.0
2020-05-04,35800,,1.0,1.0267148569681846e-05,0.0
2020-05-04,36070,,1.0,3.137184285180564e-06,0.0
2020-05-04,36150,,1.0,6.773466070276217e-06,0.0
2020-05-04,36250,14.386883479432239,0.9246516217171532,0.0018747899526937095,0.04249077596202573
2020-05-04,36300,,1.0,7.34386321303632e-06,0.0
2020-05-04,36370,11.01587727435722,0.9545971927172973,0.0011874848656488349,0.011053799607259168
2020-05-04,36510,8.805137239826674,0.9991771733499009,0.0004279500221512792,0.00018128619636583533
2020-05-04,36580,8.956327055446286,0.9830858134117892,0.00033261849607418094,0.00016856220658393413
2020-05-04,36630,25.921717921719534,0.9948886024757442,0.000334779562763416,0.0
2020-05-04,36660,8.610808052230796,0.972394115086372,0.0003796671445602808,0.0
2020-05-04,36720,11.345668854222371,0.9534467656475212,0.003381929224999009,0.008543956599296776
2020-05-04,36820,11.309091903047156,0.9920025712404587,0.00022661752932508875,7.99417901515102e-05
2020-05-04,36910,10.596117742303269,0.953239288957667,0.001954873127669914,0.010458850077351558
2020-05-04,36950,,1.0,3.380678124333802e-05,0.0
2020-05-04,36960,,1.0,7.129964284501282e-07,0.0
2020-05-04,37010,11.323273394819482,0.9069910008326605,0.0029843107621266244,1.2426769600886128e-06
2020-05-04,37300,9.536134595611626,0.949113771547668,4.8010178762331555e-06,0.00011803005550328747
2020-05-04,37310,8.70103850747168,0.9721539453460711,0.00034459393270355894,2.1181812947647994e-05
2020-05-04,37340,9.17048134841617,0.9781389648449149,0.0005055316256790478,0.0008325245275577547
2020-05-04,37400,,1.0,1.0908845355286961e-05,0.0
2020-05-04,37550,,1.0,5.338201556393265e-06,0.0
2020-05-04,37570,,1.0,1.0774806501585684e-07,0.0
2020-05-04,37600,,1.0,5.781400580071454e-06,0.0
2020-05-05,30250,13.486132702815,0.9447557122190489,7.640252488312045e-06,0.0
2020-05-05,30300,,1.0,3.890971052117526e-05,0.0
2020-05-05,30370,11.771490822078611,0.9537619110712385,0.00015420110237441553,0.0
2020-05-05,30410,,1.0,1.9892600353758574e-05,0.0
2020-05-05,30760,,1.0,1.618501892581791e-05,0.0
2020-05-05,30900,,1.0,3.351083213715602e-06,0.0
2020-05-05,31000,13.090959273985732,0.8291257891074241,0.019076996564602766,0.4062289942096778
2020-05-05,31820,11.438971993405318,0.8943643978471048,0.0013384426166948805,0.0
2020-05-05,31900,9.206156451179586,0.9487236159986212,0.00016964059764545156,0.0
2020-05-05,31950,,1.0,7.532622658902398e-06,0.0
2020-05-05,32080,11.253287657963085,0.8803120521474556,0.0020731144586587503,0.00729288616329086
2020-05-05,32250,,1.0,2.0035199639448602e-05,0.0
2020-05-05,32260,10.968921162346101,0.9591812550013715,0.0002530815938937628,0.0003107560085194134
2020-05-05,32270,15.55024116984498,0.9337757147228325,0.0004384349374400268,0.0003283698867064254
2020-05-05,32310,9.177938610663311,0.9748866078452707,0.00011640344476901006,8.591922839511855e-07
2020-05-05,32330,,1.0,6.533488649611897e-06,2.1626278323163215e-05
2020-05-05,32450,9.070195017096683,0.9995424559583389,4.285039954464477e-05,2.732163370063397e-05
2020-05-05,32500,9.77641877869406,0.9103526903160044,8.791752264490112e-05,0.0005526507563886255
2020-05-05,32600,,1.0,1.6398917854352948e-06,0.0
2020-05-05,32770,,1.0,4.08921912483469e-06,0.0
2020-05-05,32810,,1.0,4.122486831285588e-05,0.0
2020-05-05,33100,,1.0,3.065884642335551e-06,0.0
2020-05-05,33200,,1.0,1.618501892581791e-05,0.0
2020-05-05,33220,13.38265415638772,0.9066551731658424,0.0015162039059625813,0.0
2020-05-05,33360,11.773931195116702,0.9008243865129407,0.0007016689785923295,0.0
2020-05-05,33430,13.528595853588161,0.8929391121917267,0.007287836906136678,0.03292922416054946
2020-05-05,33610,,1.0,6.77039507442433e-05,0.0
2020-05-05,33620,9.937691831848165,0.8974118000829261,0.0005845019181653084,0.0
2020-05-05,33800,9.257755478971704,0.9657026196309229,7.899689127725029e-05,0.0
2020-05-05,33960,14.019728000790801,0.8679275209510211,0.0033791154746339175,0.0927992854990467
2020-05-05,33980,21.112065056761903,0.879143332548726,0.00043113789100707216,0.0009004676458295775
2020-05-05,34420,,1.0,4.705776427770846e-06,0.0
2020-05-05,34530,16.11060391777972,0.9060225638631759,0.00024787823417923865,0.009417820588660064
2020-05-05,34580,8.663394877026368,0.9567636997494422,0.0006041203147879978,0.009933789264711557
2020-05-05,34590,13.867281235207383,0.8564606799491887,0.004926716283920284,0.17953938148163412
2020-05-05,34710,,1.0,4.199548963571255e-05,0.0
2020-05-05,34770,12.638823525452034,0.8548201825557329,0.001602009418765914,0.0
2020-05-05,34800,9.070195017094703,0.9096677818446859,1.1622527588945013e-05,7.179912835736686e-06
2020-05-05,34860,8.742450586408003,0.9773289531932108,0.0001635381665230548,0.0
2020-05-05,34880,13.660150035103843,0.9119825685904599,0.0003447215626122302,0.009152212187298928
2020-05-05,35010,14.621265441118743,0.8715922050074386,0.00604098036779301,0.13867296434673562
2020-05-05,35250,,1.0,7.34386321303632e-06,0.0
2020-05-05,35300,9.618712766041961,0.8616198616198616,0.000350366444940393,0.0
2020-05-05,35600,8.754414119418298,0.9511754068716094,3.942870249329209e-05,0.0
2020-05-05,35670,9.536134595611598,0.8814075260250884,5.02632818450666e-06,0.00024064620817534934
2020-05-05,35740,14.927043568869289,0.9166260962676303,0.0006745156520715092,0.009629484439116232
2020-05-05,35760,,1.0,9.889260462603277e-05,0.0
2020-05-05,35780,,1.0,7.164913122711831e-06,0.0
2020-05-05,35800,,1.0,1.1479242498047064e-05,0.0
2020-05-05,36070,,1.0,2.8519857138005128e-06,0.0
2020-05-05,36150,,1.0,5.7039714276010255e-06,0.0
2020-05-05,36250,13.558651207071554,0.8775873675042535,0.0016982524714566738,0.05700748686143364
2020-05-05,36300,,1.0,8.3420582128665e-06,0.0
2020-05-05,36370,12.135624743947963,0.9100554853427357,0.0012051371873592776,0.009126828815158425
2020-05-05,36510,8.837369940300833,0.9961192180475199,0.00037039059715842564,0.0002259620439399426
2020-05-05,36580,8.949623838715011,0.9790035318132004,0.0002874702124489244,0.00016740168555461445
2020-05-05,36630,26.552539624211086,0.9787797385373851,0.00033100247917086293,4.157885582882159e-05
2020-05-05,36660,8.610808052230794,0.9520186875734802,0.00036406700053859226,0.0
2020-05-05,36720,11.90891179569837,0.9074503730773049,0.0031976668451723375,0.011458945377266362
2020-05-05,36820,14.388816887004857,0.9464117039761497,0.0002215371639027986,0.0016683968399722384
2020-05-05,36910,10.891123067674345,0.9082905367887777,0.0019257747874255216,0.010268359949788633
2020-05-05,36950,,1.0,3.397498079886057e-05,0.0
2020-05-05,37010,11.53022265915791,0.8195040782311043,0.0030061082640153616,0.0
2020-05-05,37300,9.70797290502616,0.8751750582276673,4.671487198922016e-06,0.0002246113880056771
2020-05-05,37310,8.705049040772845,0.928197370791052,0.0003446791168929517,2.4871143426215003e-05
2020-05-05,37340,11.252653961468804,0.9571321003869433,0.000490610906882567,0.0002529466168027264
2020-05-05,37400,,1.0,9.768051069766756e-06,0.0
2020-05-05,37550,,1.0,5.595464282002577e-06,0.0
2020-05-05,37570,,1.0,1.5084729102219965e-07,0.0
2020-05-05,37600,,1.0,6.0195767275676865e-06,0.0
2020-05-06,30250,,1.0,7.227455935040377e-06,0.0
2020-05-06,30300,,1.0,3.8951183742003715e-05,0.0
2020-05-06,30370,11.629736443415116,0.9465108152219405,0.00015995676839911498,0.0
2020-05-06,30410,,1.0,1.8181408925478268e-05,0.0
2020-05-06,30760,,1.0,1.6684116425733e-05,0.0
2020-05-06,30900,,1.0,2.9232853566455254e-06,0.0
2020-05-06,31000,13.590459821291955,0.8210933150868218,0.019270240279247838,0.4036684387404534
2020-05-06,31820,11.770671491598408,0.8952691553965363,0.001334347111448802,2.9930578315108055e-05
2020-05-06,31900,11.254646941730979,0.9396161569948017,0.00017239293389252692,0.0
2020-05-06,31950,,1.0,5.884389632174167e-06,0.0
2020-05-06,32080,11.273266838369423,0.8794086017939956,0.0020709285147240686,0.005855447662861028
2020-05-06,32250,,1.0,1.9963899996603588e-05,0.0
2020-05-06,32260,10.01000328668877,0.9622048114192089,0.00025278752402064966,0.0
2020-05-06,32270,16.755893466512045,0.9352083311286044,0.0004324454027375702,0.000344805717780677
2020-05-06,32310,26.621522222424435,0.9759287942885156,0.00011558288602077433,7.87857798133684e-07
2020-05-06,32330,,1.0,6.569361004256095e-06,0.0
2020-05-06,32450,9.070195017093006,0.9995250356210205,4.403068718336243e-05,2.6723470491525966e-05
2020-05-06,32500,9.53613459561163,0.9229150578818341,8.586586684340942e-05,0.00032980732362109997
2020-05-06,32600,,1.0,1.4972924997452692e-06,0.0
2020-05-06,32770,,1.0,4.311459294662663e-06,0.0
2020-05-06,32810,,1.0,4.342033801651381e-05,0.0
2020-05-06,33100,,1.0,3.4223828565606152e-06,0.0
2020-05-06,33200,,1.0,1.6042419640127883e-05,0.0
2020-05-06,33220,13.671821437467285,0.9066238079336462,0.0015256210737647636,0.0
2020-05-06,33360,11.782015992744185,0.8958873616020055,0.0007122250449109904,0.0
2020-05-06,33430,14.642944474874556,0.8851273413903988,0.007347388582383439,0.03915744244350296
2020-05-06,33610,12.142056666476039,0.987719540165613,6.96713091918892e-05,0.0
2020-05-06,33620,9.875459387851542,0.8957682306309399,0.0005841778889317741,0.0
2020-05-06,33800,9.258337500572763,0.9649357410806406,7.930257637415083e-05,0.0
2020-05-06,33960,14.107844922921013,0.8563962422837006,0.0034425426251894382,0.09106902849990117
2020-05-06,33980,20.637682327380546,0.8660698934914631,0.0004411410812706632,0.0010907112709896162
2020-05-06,34420,,1.0,4.848375713460872e-06,0.0
2020-05-06,34530,15.103179443045883,0.9060686554148267,0.0002466636633408583,0.008154954724204438
2020-05-06,34580,9.153248961238187,0.9507513015685098,0.0006171146751234318,0.011026667757508997
2020-05-06,34590,14.439696976728301,0.8477934777267623,0.004989460732299532,0.18093472831637353
2020-05-06,34710,,1.0,4.1638991421487485e-05,0.0
2020-05-06,34770,12.508630774797446,0.8574488027246475,0.0016105431195886362,0.0
2020-05-06,34800,9.070195017094695,0.9119855100487838,1.2723828521267784e-05,7.0227201967459825e-06
2020-05-06,34860,8.742450586407994,0.9643677995973302,0.00016608209117763783,0.0
2020-05-06,34880,12.953553907356877,0.9312193017125466,0.0003410133396476512,0.007699887506443486
2020-05-06,35010,14.725473296878212,0.8669734143649114,0.00606154577207803,0.1388566224251392
2020-05-06,35250,,1.0,7.985559998641435e-06,0.0
2020-05-06,35300,9.593095094571115,0.8591694078947368,0.00034680146279814235,0.0
2020-05-06,35600,8.754414119418303,0.9285714285714286,3.9927799993207176e-05,0.0
2020-05-06,35670,9.536134595611644,0.8940905055764671,4.914653184114447e-06,0.00016927393218570585
2020-05-06,35740,14.360285803987198,0.9170484836829013,0.0006590978004727348,0.009092747698014507
2020-05-06,35760,8.813475657362876,0.9899425287356322,9.924910284025783e-05,0.0
2020-05-06,35780,,1.0,7.528350744878373e-06,0.0
2020-05-06,35800,,1.0,1.2406137855032229e-05,0.0
2020-05-06,36070,,1.0,3.493682499405628e-06,0.0
2020-05-06,36150,,1.0,6.131769284671102e-06,0.0
2020-05-06,36250,13.991805343784733,0.865863360540394,0.001733965417247191,0.058409978812702094
2020-05-06,36300,,1.0,9.126354284161641e-06,0.0
2020-05-06,36370,12.221462557612018,0.9123129632712507,0.001201004284984282,0.008324313372861856
2020-05-06,36510,8.98965211983603,0.9965332798867956,0.00037446026910688203,0.00024974529959495296
2020-05-06,36580,8.939521292624537,0.9705259267635883,0.00030060426662124147,0.00019864426104349185
2020-05-06,36630,25.354430044300866,0.9785023644090792,0.0003237943875919009,3.5193940685673176e-05
2020-05-06,36660,8.610977248984474,0.9462513720245783,0.00036745125991122734,0.0
2020-05-06,36720,11.980045608681648,0.9066203278152101,0.0031967477316613793,0.011155102635100105
2020-05-06,36820,12.57556393392194,0.9460256232479505,0.00022114143143285993,0.0011126710865772087
2020-05-06,36910,11.264053359399838,0.8971906519944599,0.001950125597478549,0.009523686514343346
2020-05-06,36950,,1.0,3.354024353384901e-05,0.0
2020-05-06,36960,,1.0,8.555957141401538e-07,0.0
2020-05-06,37010,11.590427676292894,0.8207115671897964,0.0030024846650008397,0.0002569942758042649
2020-05-06,37300,9.5361345956116,0.891720374937908,4.521515239720131e-06,0.00016024115333533248
2020-05-06,37310,8.95934510024745,0.9212640513202679,0.000345162831226396,2.1486847565885183e-05
2020-05-06,37340,12.378823578807944,0.9471881792084292,0.0005000414618250437,0.0006236710691753916
2020-05-06,37400,,1.0,1.1051444640976986e-05,0.0
2020-05-06,37550,,1.0,5.016623149381622e-06,0.0
2020-05-06,37570,,1.0,1.446902587355792e-07,0.0
2020-05-06,37600,,1.0,6.754807961541248e-06,0.0
2020-05-07,30250,,1.0,7.449159694253629e-06,0.0
2020-05-07,30300,,1.0,3.8987542988413006e-05,0.0
2020-05-07,30370,11.907215629759415,0.9594205821064767,0.00015461948189657385,0.0
2020-05-07,30410,,1.0,1.8609206782548344e-05,0.0
2020-05-07,30760,,1.0,1.6612816782887988e-05,0.0
2020-05-07,30900,,1.0,2.7806860709554997e-06,0.0
2020-05-07,31000,13.503096373633566,0.8222209515530462,0.019269673945521,0.39623392365244514
2020-05-07,31820,11.837641156569845,0.9003157597859459,0.001339672457370861,1.797550115258273e-05
2020-05-07,31900,9.20568762596934,0.9410418068778694,0.00017656151425482632,0.0
2020-05-07,31950,,1.0,5.351013224587035e-06,0.0
2020-05-07,32080,11.248446250469714,0.8746053523162928,0.0020597998634493604,0.006396625137202405
2020-05-07,32250,,1.0,2.1033394639278782e-05,0.0
2020-05-07,32260,10.14066949007928,0.9655390875940577,0.00025655605425168774,0.0
2020-05-07,32270,17.022280177805595,0.9375695911720587,0.000434935928287699,0.0003650116086212576
2020-05-07,32310,9.177938610663317,0.9758271422446889,0.00011208382788399091,5.228486788094753e-07
2020-05-07,32330,,1.0,6.1463967372974065e-06,2.1804129935962563e-05
2020-05-07,32450,15.096487023333689,0.9384554999518595,4.749872619582435e-05,0.0
2020-05-07,32500,9.53613459561162,0.9260806996728219,8.605416594557517e-05,0.000327979364476995
2020-05-07,32600,,1.0,2.0676896425053717e-06,0.0
2020-05-07,32770,,1.0,4.844835702249795e-06,0.0
2020-05-07,32810,,1.0,4.2861444924804385e-05,0.0
2020-05-07,33100,,1.0,3.4223828565606152e-06,0.0
2020-05-07,33200,,1.0,1.618501892581791e-05,0.0
2020-05-07,33220,13.27853944150213,0.9045911685066301,0.001519274176562828,0.0
2020-05-07,33360,11.566459964095035,0.900658591383087,0.000714852399038184,0.0
2020-05-07,33430,14.208558986583252,0.8849099093357363,0.007335670589193976,0.039968170671640664
2020-05-07,33610,12.14205666647597,0.9810622801871236,7.15341248809767e-05,0.0
2020-05-07,33620,9.847601020868538,0.9017926616232059,0.0005808090843187789,0.0
2020-05-07,33800,9.257755478971701,0.9679729349103559,8.014431341854123e-05,0.0
2020-05-07,33960,13.958767378330288,0.8597954342814687,0.0034313405200608,0.09430051744411976
2020-05-07,33980,19.88669365192139,0.8783388855716511,0.0004206525535382801,0.001156662523193935
2020-05-07,34420,,1.0,5.347473213375961e-06,0.0
2020-05-07,34530,14.388857278464382,0.9084160290218255,0.00024560120938060814,0.009014075230464769
2020-05-07,34580,9.239757300983236,0.9535293048940827,0.0006170684420018566,0.010381357897768461
2020-05-07,34590,14.095435109404622,0.8482094455889012,0.0049831026128024395,0.18425645383654463
2020-05-07,34710,,1.0,4.1068594278727384e-05,0.0
2020-05-07,34770,12.350144455851192,0.8581793721476549,0.0016218560818774994,0.0
2020-05-07,34800,,1.0,1.1394778794156226e-05,0.0
2020-05-07,34860,8.742450586408001,0.9791168853620617,0.00015705432966939747,0.0
2020-05-07,34880,12.329006107275966,0.9313942102214804,0.00035170337325163314,0.00804656571139797
2020-05-07,35010,14.63753866280399,0.8675166178264762,0.006081369487712558,0.13726372856170277
2020-05-07,35250,,1.0,6.702166427431204e-06,0.0
2020-05-07,35300,9.62193771253279,0.8610253242742434,0.00034630236529822726,0.0
2020-05-07,35600,8.754414119418293,0.9469964664310954,4.0355597850277255e-05,0.0
2020-05-07,35670,9.536134595611616,0.9003997634395039,5.092280927414375e-06,0.0001641081166812848
2020-05-07,35740,14.97234473554005,0.9240197274969022,0.0006569864894394171,0.008809882211999109
2020-05-07,35760,8.813475657362897,0.9924085576259489,0.00010331318248242357,0.0
2020-05-07,35780,,1.0,7.632190065497386e-06,0.0
2020-05-07,35800,,1.0,1.0980144998131974e-05,0.0
2020-05-07,36070,,1.0,3.6362817850956534e-06,0.0
2020-05-07,36150,,1.0,6.274368570361128e-06,0.0
2020-05-07,36250,13.561246414971235,0.8669822724359642,0.0017288431095885052,0.05983807732650026
2020-05-07,36300,,1.0,8.128159284331461e-06,0.0
2020-05-07,36370,12.497094912605444,0.9105356682753027,0.0012094106021575681,0.008250221640549235
2020-05-07,36510,9.132761926270941,0.9932671026583849,0.0003701245217059439,0.0005014160185893547
2020-05-07,36580,8.956299884600039,0.9721634366545754,0.0003029574352830198,0.0005735877106690292
2020-05-07,36630,27.330413674497933,0.9840989755036454,0.00032565968821052276,3.593210979715199e-05
2020-05-07,36660,8.610946082353548,0.9510354834007134,0.00036258115675274214,0.0
2020-05-07,36720,11.919822072839398,0.9073496207410783,0.003217841398229073,0.011228166764487579
2020-05-07,36820,12.423977135909782,0.9490587493344299,0.0002253647445099783,0.0008866275679619013
2020-05-07,36910,11.153447877239628,0.9047581119165417,0.0019576899122487903,0.009454069320250579
2020-05-07,36950,,1.0,3.436329957021517e-05,0.0
2020-05-07,36960,,1.0,7.129964284501282e-07,0.0
2020-05-07,37010,11.546380718448887,0.820795436364513,0.0029963389289460072,0.0
2020-05-07,37300,9.536134595611559,0.8989703735558502,4.707600214284299e-06,0.00015589923700755356
2020-05-07,37310,8.703817140179464,0.9294807617863946,0.00034690772156175054,2.3284560347730008e-05
2020-05-07,37340,12.057440328614454,0.9509440935214922,0.0005034602235778697,0.00044811234665132307
2020-05-07,37400,,1.0,1.0766246069596934e-05,0.0
2020-05-07,37550,,1.0,5.724095644807235e-06,0.0
2020-05-07,37570,,1.0,1.5392580716550977e-07,0.0
2020-05-07,37600,,1.0,6.1787882154952646e-06,0.0
2020-05-08,30250,,1.0,8.054002839728897e-06,0.0
2020-05-08,30300,,1.0,3.740730404701081e-05,0.0
2020-05-08,30370,12.574945487994457,0.9843753177690856,0.0001460246382819968,0.0
2020-05-08,30410,,1.0,2.0819495710743743e-05,0.0
2020-05-08,30760,,1.0,1.547202249736778e-05,0.0
2020-05-08,30900,,1.0,2.5667871424204615e-06,0.0
2020-05-08,31000,13.270967051981215,0.8359187456253208,0.018926233004762694,0.3524594248153278
2020-05-08,31820,11.466883056937963,0.906956064842448,0.001334896010424502,3.476742485615113e-05
2020-05-08,31900,9.206079746189053,0.9555473558548508,0.00017001828095744638,0.0
2020-05-08,31950,,1.0,5.4575057176044e-06,0.0
2020-05-08,32080,11.325242295529453,0.8835373725848218,0.002044455110748102,0.006553550146911402
2020-05-08,32250,,1.0,1.9464802496688498e-05,0.0
2020-05-08,32260,9.317584089234796,0.9727856799377148,0.0002593731765298991,0.0
2020-05-08,32270,14.593735988428335,0.957207711315454,0.0004232712160193342,0.00032621601369815215
2020-05-08,32310,9.177938610663338,0.9915684316315063,0.00010993154730841077,1.0696135062403411e-06
2020-05-08,32330,,1.0,5.935239502375577e-06,0.0
2020-05-08,32450,12.89594066804116,0.9756164088281093,4.74285774135251e-05,2.4736626767945987e-05
2020-05-08,32500,9.536134595611642,0.9316566874227069,8.622800069713749e-05,0.0003540938508231881
2020-05-08,32600,,1.0,1.0694946426751921e-06,0.0
2020-05-08,32770,,1.0,4.667043566387418e-06,0.0
2020-05-08,32810,,1.0,4.121787392842447e-05,0.0
2020-05-08,33100,,1.0,3.564982142250641e-06,0.0
2020-05-08,33200,,1.0,1.4331228211847576e-05,0.0
2020-05-08,33220,12.922453493440687,0.9186576030785378,0.0015058910364542293,0.0
2020-05-08,33360,11.691062183558566,0.9130973844733503,0.0007105136057135831,0.0
2020-05-08,33430,13.371826498678054,0.9009597311951273,0.007329926334423208,0.03837601393379125
2020-05-08,33610,10.298035340744054,0.9733469158508944,7.222767714407075e-05,0.0
2020-05-08,33620,9.889406815013286,0.9181734793035746,0.0005829340005824952,0.0
2020-05-08,33800,9.25775547897171,0.9658675866825748,8.146760807961696e-05,0.0
2020-05-08,33830,,1.0,5.588658943113261e-07,0.0
2020-05-08,33960,13.093885024927305,0.8866183599798553,0.00343900571040349,0.10335165951572632
2020-05-08,33980,21.24149338884106,0.9037185662365614,0.00038662411347146466,0.00046669468104121466
2020-05-08,34420,,1.0,5.06227464199591e-06,0.0
2020-05-08,34530,13.35761100600255,0.9269954020296196,0.0002538517646234376,0.01065583092165685
2020-05-08,34580,8.663488233406463,0.9645886487667872,0.0006218312960227095,0.01124952198622683
2020-05-08,34590,13.255437094793953,0.8737030299009348,0.0049861660501784935,0.1905468812638948
2020-05-08,34710,,1.0,4.028429820743224e-05,0.0
2020-05-08,34770,11.567056477007899,0.8751902189247743,0.0016252531023333882,0.0
2020-05-08,34800,9.07019501709469,0.9352031555391728,1.2962220076200741e-05,6.500593119359545e-06
2020-05-08,34860,,1.0,0.00014228840408418028,0.0
2020-05-08,34880,14.15366455130455,0.9511263034542814,0.0003444601840703623,0.009615538627880749
2020-05-08,35010,13.23425018160811,0.8892237201287048,0.006081135829661477,0.15583574915109524
2020-05-08,35250,,1.0,6.488267498896166e-06,0.0
2020-05-08,35300,9.21643830053528,0.8867035443556648,0.00034801355672650755,0.0
2020-05-08,35600,,1.0,3.885830535053198e-05,0.0
2020-05-08,35670,9.536134595611598,0.9107713730854529,5.070952313385704e-06,0.00018977610532587374
2020-05-08,35740,14.44765646372009,0.9197375639411802,0.0006582218515958435,0.0089435214258119
2020-05-08,35760,,1.0,9.4543326412487e-05,0.0
2020-05-08,35780,,1.0,7.112993462402324e-06,0.0
2020-05-08,35800,,1.0,9.482852498386704e-06,0.0
2020-05-08,36070,,1.0,3.137184285180564e-06,0.0
2020-05-08,36150,,1.0,6.987364998811256e-06,0.0
2020-05-08,36250,12.465298051875127,0.8923944698206235,0.0017397856266237956,0.06752116632486124
2020-05-08,36300,,1.0,8.841155712781589e-06,0.0
2020-05-08,36370,12.895107818189624,0.9189285693527673,0.0012102151015560556,0.008216153588387547
2020-05-08,36510,8.66656859155975,0.996385082329019,0.000384103485505914,0.0004150863900336979
2020-05-08,36580,8.886490807106632,0.9807774260955391,0.0003073358292337083,0.0003098958430268143
2020-05-08,36630,24.71040274126868,0.9917533152644108,0.00031989664572486834,0.0
2020-05-08,36660,8.61121917065858,0.9484167605333693,0.0003676718483150396,0.0
2020-05-08,36720,11.32205696209014,0.9204572225931763,0.0031982096189670526,0.011554519875631207
2020-05-08,36820,10.200066455086338,0.9798687521284702,0.0002210714586650185,0.0005880964446834717
2020-05-08,36910,10.521591734411409,0.9178592976267506,0.0019415198134359057,0.009446691070361508
2020-05-08,36950,,1.0,3.281480653080485e-05,0.0
2020-05-08,37010,11.392643575327936,0.8369309018811107,0.0029832596656470403,0.0
2020-05-08,37300,9.536134595611605,0.9083492871310516,4.668646213979355e-06,0.00017860703325373235
2020-05-08,37310,8.708596307890039,0.9404407540835394,0.0003440846450594293,1.8144658938515485e-05
2020-05-08,37340,11.692390438542418,0.9570479285073803,0.0004911462557322619,0.00032100711854402263
2020-05-08,37400,,1.0,1.1336643212357037e-05,0.0
2020-05-08,37550,,1.0,4.759360423772308e-06,0.0
2020-05-08,37570,,1.0,1.3853322644895882e-07,0.0
2020-05-08,37600,,1.0,6.157303583346867e-06,0.0
2020-05-09,30250,,1.0,7.725612178792313e-06,0.0
2020-05-09,30300,,1.0,3.913014227410303e-05,0.0
2020-05-09,30370,12.57485980299391,0.9834077008017312,0.0001504003435422513,0.0
2020-05-09,30410,,1.0,2.3101084281784152e-05,0.0
2020-05-09,30760,,1.0,1.597111999728287e-05,0.0
2020-05-09,30900,,1.0,1.7111914282803076e-06,0.0
2020-05-09,31000,11.547769345488566,0.898767969829695,0.017977294077384895,0.3843367392615593
2020-05-09,31820,10.608192788346429,0.9455873659417594,0.0013417992996837076,0.0
2020-05-09,31900,9.204291897555521,0.995983299322261,0.00017750798121494058,0.0
2020-05-09,31950,,1.0,3.3972433738916537e-06,0.0
2020-05-09,32080,11.421682357620448,0.9290205848931142,0.002003199741321264,0.008395927606656691
2020-05-09,32250,,1.0,1.8894405353928397e-05,0.0
2020-05-09,32260,9.317584089234774,0.9845210586632637,0.0002625554005118179,0.0
2020-05-09,32270,18.903410472001955,0.9739050198877648,0.00042618047534208445,0.0010220119293933197
2020-05-09,32310,,1.0,0.00011107609636564004,0.0
2020-05-09,32330,,1.0,6.675889175259806e-06,0.0
2020-05-09,32450,16.401288069241478,0.9610049896575499,4.614649090531452e-05,5.315352363490469e-05
2020-05-09,32500,9.536134595611507,0.971141603359776,8.472561837166134e-05,0.0003276510440765334
2020-05-09,32600,,1.0,2.9232853566455254e-06,0.0
2020-05-09,32770,,1.0,4.08921912483469e-06,0.0
2020-05-09,32810,,1.0,4.233419010611871e-05,0.0
2020-05-09,33100,,1.0,2.8519857138005128e-06,0.0
2020-05-09,33200,,1.0,1.2691336426412281e-05,0.0
2020-05-09,33220,12.234408382313704,0.9518182708181364,0.0015256806474450615,0.0
2020-05-09,33360,10.773292313116745,0.948166279166972,0.0007125325830397108,0.0
2020-05-09,33430,11.477815478056197,0.9386902956333768,0.00756450213339183,0.01899756201666681
2020-05-09,33610,,1.0,7.674208804648406e-05,0.0
2020-05-09,33620,9.313865537758966,0.9544564387662574,0.0006058586775725543,0.0
2020-05-09,33800,,1.0,8.635308578090212e-05,0.0
2020-05-09,33960,11.17777460533897,0.9394623125561627,0.003545324412580949,0.08678700553813844
2020-05-09,33980,20.983865398056324,0.9151788656361869,0.0003755591803656848,0.0008858884848823476
2020-05-09,34420,,1.0,3.850180713630692e-06,0.0
2020-05-09,34530,12.011154485109875,0.9579029981453789,0.0002743298404896346,0.009386337259280723
2020-05-09,34580,8.663355550343393,0.9774658249241868,0.0006899603631438952,0.01351029692908482
2020-05-09,34590,10.932157735042619,0.9267561760755216,0.005127823162393027,0.17915090326915034
2020-05-09,34710,,1.0,3.921480356475705e-05,0.0
2020-05-09,34770,9.949922476029574,0.9372410324168925,0.0016234682237339386,0.0
2020-05-09,34800,9.070195017094697,0.9243890474500027,1.2034017656215945e-05,1.3968332596525146e-05
2020-05-09,34860,,1.0,0.00014934374123359533,0.0
2020-05-09,34880,11.085411354970436,0.9713384469233373,0.0003527405199801061,0.011366994174415218
2020-05-09,35010,11.711356845966677,0.9285669331927964,0.00634973883732177,0.1590023793403049
2020-05-09,35250,,1.0,5.846570713291051e-06,0.0
2020-05-09,35300,9.141128308213375,0.9205694243862182,0.0003455893688697771,0.0
2020-05-09,35600,,1.0,4.028429820743224e-05,0.0
2020-05-09,35670,9.536134595611511,0.9590006159864775,5.1659746816475085e-06,0.000139749822976695
2020-05-09,35740,13.020166662481143,0.9534578697857827,0.0006634634619247249,0.008179707227377878
2020-05-09,35760,,1.0,0.00010067509569715809,0.0
2020-05-09,35780,,1.0,7.216832783021336e-06,0.0
2020-05-09,35800,,1.0,9.696751426921744e-06,0.0
2020-05-09,36070,,1.0,3.493682499405628e-06,0.0
2020-05-09,36150,,1.0,6.559567141741179e-06,0.0
2020-05-09,36250,11.173927480223119,0.9360661870726182,0.0018153285993473493,0.0690524264123968
2020-05-09,36300,,1.0,7.700361427261384e-06,0.0
2020-05-09,36370,11.516691631617897,0.9547057808831818,0.0011885249317614929,0.010157371562862394
2020-05-09,36510,8.638809022406269,0.9989982816215586,0.00042710306783575033,0.00034976610349107324
2020-05-09,36580,8.825867809508452,0.9865132691082078,0.0003418163937202706,0.0002492505382646538
2020-05-09,36630,,1.0,0.00032609489312116874,0.0
2020-05-09,36660,8.610808052230789,0.9747956618977983,0.0003790677661317812,0.0
2020-05-09,36720,10.041190022157233,0.9551636035399831,0.0032717508027907895,0.010712353017768003
2020-05-09,36820,,1.0,0.0002275819462513136,0.0
2020-05-09,36910,9.38138133438588,0.9508953493177174,0.0019444294602384347,0.013700023034638277
2020-05-09,36950,,1.0,3.328136435294594e-05,0.0
2020-05-09,36960,,1.0,1.568592142590282e-06,0.0
2020-05-09,37010,10.95994381782945,0.9009457333854334,0.0029619928584083974,0.0
2020-05-09,37300,9.536134595611651,0.9585993579349592,4.7134156315574765e-06,0.00013597770495217253
2020-05-09,37310,8.709381173948996,0.9803311922012571,0.00034000501533899434,1.2919381272978888e-05
2020-05-09,37340,9.164007902452893,0.9814054417844729,0.0004840616701967306,0.000676508222115417
2020-05-09,37400,,1.0,1.2263538569342204e-05,0.0
2020-05-09,37550,,1.0,5.1452545121862785e-06,0.0
2020-05-09,37570,,1.0,1.1082658115916705e-07,0.0
2020-05-09,37600,,1.0,5.621407251480344e-06,0.0
2020-05-10,30250,,1.0,7.759936645511854e-06,0.0
2020-05-10,30300,,1.0,3.929745400739041e-05,0.0
2020-05-10,30370,11.45474587672372,0.9774436233897904,0.0001548866894616527,0.0
2020-05-10,30410,,1.0,1.9892600353758574e-05,0.0
2020-05-10,30760,,1.0,1.7183213925648088e-05,0.0
2020-05-10,30900,,1.0,3.2084839280255766e-06,0.0
2020-05-10,31000,11.362518942472192,0.8904890596008034,0.01795475117648717,0.5198849935855219
2020-05-10,31820,10.525758976639608,0.942304878718677,0.0013396074248138157,0.0
2020-05-10,31900,9.209029696434396,0.9894951808576756,0.00017647050261925318,0.0
2020-05-10,31950,,1.0,5.1454555373449305e-06,0.0
2020-05-10,32080,10.951085832943688,0.9222464614482345,0.0020080772736166467,0.00811575983308313
2020-05-10,32250,,1.0,1.8680506425393358e-05,0.0
2020-05-10,32260,9.317584089234785,0.9912213388904624,0.0002599016572768221,0.0
2020-05-10,32270,17.37565705830734,0.9693443870865256,0.00044132197140453645,0.0007874636473623361
2020-05-10,32310,20.623575979738956,0.9999846798847157,0.00011438594845738165,0.0
2020-05-10,32330,,1.0,6.5728855378157695e-06,0.0
2020-05-10,32450,12.878722938190425,0.980413429523283,4.819052815307188e-05,4.020251321163222e-05
2020-05-10,32500,9.536134595611507,0.9685616126337128,8.506285838084078e-05,0.0002827960037541161
2020-05-10,32600,,1.0,1.7111914282803076e-06,0.0
2020-05-10,32770,,1.0,4.622595532421823e-06,0.0
2020-05-10,32810,,1.0,4.5685803594351375e-05,0.0
2020-05-10,33100,,1.0,3.137184285180564e-06,0.0
2020-05-10,33200,,1.0,1.4830325711762666e-05,0.0
2020-05-10,33220,13.44572289564078,0.9483295170946604,0.001533059084156989,0.0
2020-05-10,33360,11.434602678638262,0.9360117429420415,0.0007108987527807721,0.0
2020-05-10,33430,13.160554275085968,0.9254925527764152,0.007553289927548309,0.01616322125420363
2020-05-10,33610,,1.0,7.48118166956023e-05,0.0
2020-05-10,33620,9.396572047234226,0.9490568736418842,0.0005920278373067695,0.0
2020-05-10,33800,,1.0,8.512263566435887e-05,0.0
2020-05-10,33960,13.011451052709322,0.9076464255480493,0.0035597470741675023,0.062376144517944064
2020-05-10,33980,19.682808531945962,0.9021000999381519,0.00039282358078720505,0.000766508732069845
2020-05-10,34420,,1.0,4.135379285010743e-06,0.0
2020-05-10,34530,14.975819088746391,0.9382691377289772,0.0002745189677546398,0.007396760878422919
2020-05-10,34580,8.663357433070075,0.9717672784467367,0.0006743993980987482,0.01086463708381439
2020-05-10,34590,12.535661764552968,0.9051477312083936,0.005151851976734393,0.15016022851598515
2020-05-10,34710,,1.0,4.099729463588237e-05,0.0
2020-05-10,34770,10.837572011885129,0.9212786612859284,0.0016203365330590754,0.0
2020-05-10,34800,9.070195017094699,0.9212789006625731,1.1558572551048863e-05,1.0564907786988376e-05
2020-05-10,34860,8.742450586407747,0.9930122465642518,0.00015305271608523905,0.0
2020-05-10,34880,10.798675382230606,0.9583977474755514,0.0003583224255183938,0.006459964689662928
2020-05-10,35010,13.321386595904588,0.9058934422464123,0.006345855857092158,0.11584265899256704
2020-05-10,35250,,1.0,6.3456682132061406e-06,0.0
2020-05-10,35300,9.141048086040065,0.927477840451249,0.0003539314270826436,0.0
2020-05-10,35600,,1.0,4.0355597850277255e-05,0.0
2020-05-10,35670,9.536134595611584,0.9524144579938536,5.0849380617600225e-06,0.00011028405486919869
2020-05-10,35740,11.347256112712456,0.9548843182638602,0.0006608926856110846,0.010158311201324615
2020-05-10,35760,,1.0,0.00010302798391104352,0.0
2020-05-10,35780,,1.0,7.632190065497386e-06,0.0
2020-05-10,35800,,1.0,9.981949998301794e-06,0.0
2020-05-10,36070,,1.0,3.7075814279406665e-06,0.0
2020-05-10,36150,,1.0,6.773466070276217e-06,0.0
2020-05-10,36250,13.255227139178956,0.9099296375900983,0.0018501789794111378,0.04614304422936929
2020-05-10,36300,,1.0,7.771661070106397e-06,0.0
2020-05-10,36370,10.703701998377335,0.9475702301941866,0.0011835587284258725,0.011275018125456854
2020-05-10,36510,8.732773391652653,0.998920671056017,0.00040434829979852245,0.00022331335500558357
2020-05-10,36580,8.98575572257237,0.9862120660860445,0.00032332499771981735,0.00017701726920880097
2020-05-10,36630,24.71040274126822,0.9967847029711588,0.0003326270117758437,0.0
2020-05-10,36660,8.610808052230816,0.9726165308836866,0.00037233591125832743,0.0
2020-05-10,36720,10.913625391675255,0.9462079027447373,0.003261257796866994,0.006201198193117305
2020-05-10,36820,17.387915059267964,0.9920622991316871,0.00022527940335778128,0.00027940840983935877
2020-05-10,36910,9.821542324765133,0.9470538246989404,0.001921601777252569,0.012689850602724618
2020-05-10,36950,,1.0,3.4577198498750204e-05,0.0
2020-05-10,36960,,1.0,1.8537907139703332e-06,0.0
2020-05-10,37010,11.239830457326015,0.8796288662400125,0.0029954070398659485,1.1670105999130528e-06
2020-05-10,37300,9.536134595611584,0.9524058777449709,4.642919098275876e-06,0.00010891993477706742
2020-05-10,37310,8.714367420894312,0.984404763974536,0.0003383195715612129,0.0
2020-05-10,37340,9.164851104748811,0.9754177457344709,0.0004927129123408861,0.0004815764977058314
2020-05-10,37400,,1.0,1.2477437497877243e-05,0.0
2020-05-10,37550,,1.0,5.466832919197921e-06,0.0
2020-05-10,37570,,1.0,1.26219161875718e-07,0.0
2020-05-10,37600,,1.0,6.209592238659195e-06,0.0
2020-05-11,30250,13.48613270281501,0.9397740045295079,8.086470555666084e-06,0.0
2020-05-11,30300,,1.0,3.984967152694589e-05,0.0
2020-05-11,30370,11.59700788426474,0.9446435990219383,0.00015456129716222611,0.0
2020-05-11,30410,,1.0,1.9393502853843487e-05,0.0
2020-05-11,30760,,1.0,1.5258123568832743e-05,0.0
2020-05-11,30900,,1.0,3.4223828565606152e-06,0.0
2020-05-11,31000,13.113846773120102,0.8272634331067809,0.019071106599454022,0.41617225886494735
2020-05-11,31820,11.080231919914738,0.9021572416010277,0.0013240780735260735,0.0
2020-05-11,31900,12.794750739416576,0.9586183390285968,0.00017229768252725387,0.0
2020-05-11,31950,,1.0,4.441714292688044e-06,0.0
2020-05-11,32080,11.282430818117392,0.8797649881214057,0.0020508695741936374,0.006415261320990003
2020-05-11,32250,,1.0,2.0035199639448602e-05,0.0
2020-05-11,32260,10.219652432584564,0.9592823415554592,0.0002521546906648903,0.0
2020-05-11,32270,16.911157725904193,0.9306342002875596,0.0004520598234496123,0.0005162245264944125
2020-05-11,32310,9.177938610663317,0.9796879217731584,0.00011583690194616207,8.449173133437459e-07
2020-05-11,32330,,1.0,6.5022178790810275e-06,0.0
2020-05-11,32450,,1.0,4.275949395680531e-05,0.0
2020-05-11,32500,9.920046014811328,0.9304730607029732,8.186563824956162e-05,0.0004055625864166956
2020-05-11,32600,,1.0,1.7111914282803076e-06,0.0
2020-05-11,32770,,1.0,4.755939634318606e-06,0.0
2020-05-11,32810,,1.0,4.0918270602154986e-05,0.0
2020-05-11,33100,,1.0,3.137184285180564e-06,0.0
2020-05-11,33200,,1.0,1.3903430354777499e-05,0.0
2020-05-11,33220,13.33903410107837,0.9128155399350584,0.00151620527025331,0.0
2020-05-11,33360,11.833272972465963,0.904094202581641,0.0007025452506757329,0.0
2020-05-11,33430,14.164811784164606,0.889775104658829,0.007301493962706463,0.034205894867660486
2020-05-11,33610,8.585729823993114,0.989344706337371,7.360623706185332e-05,0.0
2020-05-11,33620,9.92696117382043,0.9053858283819384,0.0005772446715461582,0.0
2020-05-11,33800,9.257755478971697,0.9815099150258638,8.097812972951035e-05,0.0
2020-05-11,33960,13.829711579881932,0.8631575494422558,0.003397633190305056,0.09426377456381625
2020-05-11,33980,19.777757322260992,0.8717902056975974,0.00041085488263875353,0.0009915025115257497
2020-05-11,34420,,1.0,4.491877499235807e-06,0.0
2020-05-11,34530,15.581725107134652,0.9074829520847956,0.0002493829035414166,0.008680725176604237
2020-05-11,34580,8.895695304440364,0.9546302984687328,0.0006061647298165851,0.010028886798823022
2020-05-11,34590,13.948366865471447,0.8542332076115187,0.004947811894239319,0.17509969730385103
2020-05-11,34710,,1.0,4.1496392135797457e-05,0.0
2020-05-11,34770,11.655447189716918,0.8573705884957712,0.0016101598343689243,0.0
2020-05-11,34800,,1.0,1.3353324962219774e-05,0.0
2020-05-11,34860,8.742450586407978,0.983161714607426,0.00015667193682492877,0.0
2020-05-11,34880,12.407107634917685,0.9335224950624892,0.0003407740221713681,0.008073912927096284
2020-05-11,35010,14.568401377380424,0.8698101874305965,0.006044294588296563,0.1343970618214296
2020-05-11,35250,,1.0,6.416967856051153e-06,0.0
2020-05-11,35300,9.295184633582094,0.8650244299674267,0.00035022384565470293,0.0
2020-05-11,35600,8.754414119418316,0.9825783972125436,4.0925994993037356e-05,0.0
2020-05-11,35670,9.536134595611582,0.9243751219132611,4.760948457725155e-06,0.0001977393282005551
2020-05-11,35740,14.274201267071437,0.9192523362925167,0.0006598738186848109,0.009259891896162355
2020-05-11,35760,,1.0,9.639711712645733e-05,0.0
2020-05-11,35780,,1.0,7.891788367044914e-06,0.0
2020-05-11,35800,,1.0,1.0409747855371871e-05,0.0
2020-05-11,36070,,1.0,2.7806860709554997e-06,0.0
2020-05-11,36150,,1.0,6.488267498896166e-06,0.0
2020-05-11,36250,13.799405329953489,0.8746942901358137,0.001718084852820375,0.056945449054416765
2020-05-11,36300,,1.0,8.128159284331461e-06,0.0
2020-05-11,36370,12.351082053615519,0.9182262180104014,0.0012018500269259742,0.008889625351078779
2020-05-11,36510,8.665759951354953,0.9953054377105447,0.000372656286570337,0.00018591855930205032
2020-05-11,36580,9.001639347343627,0.9818981918030445,0.0002975390139865378,0.00017879352012756377
2020-05-11,36630,23.711089236081932,0.9775129498528529,0.0003218678321057014,4.088804778045565e-05
2020-05-11,36660,8.611011823973273,0.9552428885808357,0.0003663980389791459,0.0
2020-05-11,36720,11.776553627071882,0.9088622090467551,0.0031935770746883666,0.011289397987309468
2020-05-11,36820,12.91110166415517,0.9562858512761218,0.00021990062923269178,0.0009561385925663765
2020-05-11,36910,10.75263842676221,0.9065566465795847,0.0019454372604795257,0.009988164850054639
2020-05-11,36950,,1.0,3.424630055435766e-05,0.0
2020-05-11,37010,11.451307535240659,0.8258175446828876,0.002986536119554329,0.00033001834790693363
2020-05-11,37300,9.842702158935602,0.9140512311433704,4.387918688575998e-06,0.0001785871637896966
2020-05-11,37310,8.705049752725284,0.9276642322800281,0.0003451174800908181,2.385152930494744e-05
2020-05-11,37340,11.907390878101047,0.9543625863135581,0.0004912034621182848,0.0006739427527960891
2020-05-11,37400,,1.0,1.1978339997962153e-05,0.0
2020-05-11,37550,,1.0,5.595464282002577e-06,0.0
2020-05-11,37570,,1.0,1.2929767801902822e-07,0.0
2020-05-11,37600,,1.0,6.135818951198469e-06,0.0
2020-05-12,30250,13.48613270281504,0.9580445088837135,7.738609434268788e-06,0.0
2020-05-12,30300,,1.0,3.854809833253101e-05,0.0
2020-05-12,30370,12.001135908013776,0.9553653375233028,0.00015175349592511268,0.0
2020-05-12,30410,,1.0,2.153249213919387e-05,0.0
2020-05-12,30760,,1.0,1.568592142590282e-05,0.0
2020-05-12,30900,,1.0,3.137184285180564e-06,0.0
2020-05-12,31000,13.060514820391306,0.8216246856786258,0.0191271375688845,0.40413416685638237
2020-05-12,31820,11.332717995758882,0.8932139759736425,0.001325358747436999,0.0
2020-05-12,31900,9.206090186181061,0.9448570325158203,0.0001771404680491521,0.0
2020-05-12,31950,,1.0,7.26684839760914e-06,0.0
2020-05-12,32080,11.2104744359504,0.8759097201541254,0.002042986257805121,0.00749911008786368
2020-05-12,32250,,1.0,1.975000106806855e-05,0.0
2020-05-12,32260,9.912354425509378,0.9552076541216039,0.0002483179674049317,0.0
2020-05-12,32270,16.251133117610944,0.9320683795952662,0.00045323327814310316,0.00046749643159914507
2020-05-12,32310,9.177938610663322,0.9774844708284154,0.00011083405948658917,8.796736367120632e-07
2020-05-12,32330,,1.0,6.272032124797303e-06,0.0
2020-05-12,32450,16.53895829280471,0.9605239131140872,4.7456493455873006e-05,2.664088046333508e-05
2020-05-12,32500,9.82090093568657,0.939551636314042,8.462941362400365e-05,0.00036439268917378933
2020-05-12,32600,,1.0,1.7111914282803076e-06,0.0
2020-05-12,32770,,1.0,4.711491600353013e-06,0.0
2020-05-12,32810,,1.0,4.126136652030609e-05,0.0
2020-05-12,33100,,1.0,1.7111914282803076e-06,0.0
2020-05-12,33200,,1.0,1.4473827497537601e-05,0.0
2020-05-12,33220,13.48833293794836,0.9057993156832845,0.0015001578082351529,0.0
2020-05-12,33360,11.780138453846297,0.8995888528417111,0.0007008459666045992,0.0
2020-05-12,33430,13.448015020714248,0.8877805358139652,0.007257694318081575,0.0322309233908263
2020-05-12,33610,,1.0,7.215737278589592e-05,0.0
2020-05-12,33620,9.895408805084756,0.8977155492715331,0.000577175747195367,0.0
2020-05-12,33800,9.257755478971697,0.9629326643395835,7.694067196866516e-05,0.0
2020-05-12,33960,14.026766135888613,0.864883654799475,0.0033600701114235884,0.09168851006736235
2020-05-12,33980,21.155688905851385,0.8699092179843881,0.00043014509438205496,0.0007824355799699728
2020-05-12,34420,,1.0,4.990974999150897e-06,0.0
2020-05-12,34530,15.471018819112532,0.89791853989267,0.00024271561902925302,0.008746111915290735
2020-05-12,34580,8.663388536744337,0.9562913647621797,0.0006030250293963222,0.009947534835763007
2020-05-12,34590,13.84265172030919,0.8530135160532724,0.004901896603680052,0.18087343402283282
2020-05-12,34710,,1.0,4.185289035002252e-05,0.0
2020-05-12,34770,12.15588614254156,0.8532006102034154,0.0016013344659384719,0.0
2020-05-12,34800,9.070195017094688,0.9125632577407519,1.2007408676867685e-05,7.0010161797018675e-06
2020-05-12,34860,8.742450586407998,0.9883473129571019,0.00015908697342902978,0.0
2020-05-12,34880,13.713961695530948,0.9155388103866374,0.0003436297994056979,0.008615618552199467
2020-05-12,35010,14.41058963346189,0.8674043398539617,0.005971669126556977,0.1388420754298838
2020-05-12,35250,,1.0,6.559567141741179e-06,0.0
2020-05-12,35300,9.571692917336447,0.8551611587107303,0.00034951084922625283,0.0
2020-05-12,35600,8.754414119418293,0.9742647058823529,3.8787005707686975e-05,0.0
2020-05-12,35670,9.536134595611621,0.9231508318721547,4.998441082398957e-06,0.00015472406593390947
2020-05-12,35740,14.841150022896898,0.9177244801801954,0.0006553874362726506,0.010880687009379813
2020-05-12,35760,,1.0,9.882130498318776e-05,0.0
2020-05-12,35780,,1.0,7.061073802092819e-06,0.0
2020-05-12,35800,,1.0,1.0837545712441949e-05,0.0
2020-05-12,36070,,1.0,3.564982142250641e-06,0.0
2020-05-12,36150,,1.0,6.060469641826089e-06,0.0
2020-05-12,36250,13.468745483718633,0.8701296149187755,0.0016907089467150295,0.05889833432151636
2020-05-12,36300,,1.0,8.841155712781589e-06,0.0
2020-05-12,36370,12.017051030510421,0.9140655144125631,0.0011926887907265453,0.009466082672501937
2020-05-12,36510,8.838694461855813,0.9960084558040954,0.00036210837896115974,0.00022722990279610577
2020-05-12,36580,8.977731355056797,0.9813190895615496,0.00028998367975998154,0.00017335967262226736
2020-05-12,36630,25.12579825732912,0.9782360520392853,0.0003248857277954604,4.98989117257509e-05
2020-05-12,36660,8.610808052230798,0.9491261907916679,0.00035738249618824566,0.0
2020-05-12,36720,11.872266697289986,0.9055558745469721,0.003162680735226042,0.011868538395274695
2020-05-12,36820,13.732314910124424,0.9552169508990644,0.0002186188248541557,0.0014564551170172942
2020-05-12,36910,10.952147432158998,0.9060360875120776,0.0019334264567128995,0.010102132680429346
2020-05-12,36950,,1.0,3.5290914047844794e-05,0.0
2020-05-12,37010,11.429503635194491,0.8141704409498064,0.002984670062858747,0.0
2020-05-12,37300,9.739746357329633,0.9167756700657622,4.5486236543069076e-06,0.00014407838584376843
2020-05-12,37310,8.957019596708504,0.9289847683472263,0.00034954172637715795,2.3249321349158228e-05
2020-05-12,37340,12.216449544564167,0.9504503170985794,0.0004926239493799873,0.0002276715048713073
2020-05-12,37400,,1.0,1.2263538569342204e-05,0.0
2020-05-12,37550,,1.0,5.338201556393265e-06,0.0
2020-05-12,37570,,1.0,1.4161174259226902e-07,0.0
2020-05-12,37600,,1.0,6.2706999568603155e-06,0.0
2020-05-13,30250,,1.0,6.536350146447669e-06,0.0
2020-05-13,30300,,1.0,3.904066300805337e-05,0.0
2020-05-13,30370,11.643854504692717,0.9578569120079476,0.00015903358644945868,0.0
2020-05-13,30410,,1.0,2.0962094996433768e-05,0.0
2020-05-13,30760,,1.0,1.6327618211507934e-05,0.0
2020-05-13,30900,,1.0,3.4223828565606152e-06,0.0
2020-05-13,31000,13.63172512512262,0.8144276063869743,0.01919388193873761,0.4047403986952053
2020-05-13,31820,11.177795589556835,0.8966086788473139,0.0013343944865677488,0.0
2020-05-13,31900,11.787867526082428,0.94429889441221,0.00017792555912264068,0.0
2020-05-13,31950,,1.0,5.723279978897658e-06,0.0
2020-05-13,32080,11.36399703469093,0.8718870848446943,0.002033883705844682,0.006321580623373307
2020-05-13,32250,,1.0,1.9536102139533512e-05,0.0
2020-05-13,32260,9.374037334457643,0.971399224130987,0.0002479276102597749,0.00021254893531277456
2020-05-13,32270,15.446402303815477,0.9337791851364234,0.0004419085031526545,0.0005593443110933164
2020-05-13,32310,9.183963539019674,0.9780537614032208,0.0001137690084340846,7.257661773791198e-07
2020-05-13,32330,,1.0,6.002077349269438e-06,0.0
2020-05-13,32450,,1.0,4.2074880402052785e-05,0.0
2020-05-13,32500,9.536134595611662,0.9312238953389369,8.249035466443652e-05,0.0002811485162499439
2020-05-13,32600,,1.0,8.555957141401538e-07,0.0
2020-05-13,32770,,1.0,4.044771090869096e-06,0.0
2020-05-13,32810,,1.0,3.8662108864904155e-05,0.0
2020-05-13,33100,,1.0,3.065884642335551e-06,0.0
2020-05-13,33200,,1.0,1.3190433926327371e-05,0.0
2020-05-13,33220,13.354798455389869,0.9079118101108827,0.001498955606730386,0.0
2020-05-13,33360,11.936807482056953,0.8963363714042782,0.0007008662251483886,0.0
2020-05-13,33430,14.62465886682712,0.8795548483593946,0.0072770216721637785,0.04024438567909354
2020-05-13,33610,10.286581792137042,0.9784852892603287,7.62218839601444e-05,0.0
2020-05-13,33620,9.858410137499156,0.8921711326493155,0.0005798983918815994,0.0
2020-05-13,33800,9.257755478971708,0.9704826336594913,7.971199688829927e-05,0.0
2020-05-13,33960,14.063875332540876,0.8491118691779512,0.0034292303248175376,0.09240682819837555
2020-05-13,33980,20.558892433770936,0.8697905613052961,0.00042653965617747957,0.0009766891037376712
2020-05-13,34420,,1.0,4.848375713460872e-06,0.0
2020-05-13,34530,15.650141318751837,0.9015043311252863,0.00023985726212182729,0.009079690351013673
2020-05-13,34580,9.237905644694264,0.9475017672904525,0.0006094402895759672,0.01039721448770424
2020-05-13,34590,14.370130671836256,0.8413847133670742,0.004943733779819146,0.17790782724580517
2020-05-13,34710,,1.0,4.1211193564417406e-05,0.0
2020-05-13,34770,12.64921256552723,0.8483762597984322,0.0015917645265149112,0.0
2020-05-13,34800,,1.0,1.2611945660072039e-05,0.0
2020-05-13,34860,8.742450586408,0.9762528592896051,0.00016213239145651542,0.0
2020-05-13,34880,12.97546358064894,0.9306702157200116,0.00034449651910180534,0.008375319472753155
2020-05-13,35010,14.811103023615614,0.8601479437866583,0.005995731247776147,0.13795887075967847
2020-05-13,35250,,1.0,6.987364998811256e-06,0.0
2020-05-13,35300,9.236337382324773,0.8619349560237267,0.00034858395386926766,0.0
2020-05-13,35600,8.754414119418295,0.9352159468438538,4.2922384992697715e-05,0.0
2020-05-13,35670,9.536134595611584,0.9039792092974377,4.769117898275295e-06,0.00013750482007056657
2020-05-13,35740,14.725968517661578,0.914812136680577,0.0006473977320053607,0.00936395052846841
2020-05-13,35760,,1.0,0.00010096029426853815,0.0
2020-05-13,35780,,1.0,7.372591763949855e-06,0.0
2020-05-13,35800,,1.0,9.62545178407673e-06,0.0
2020-05-13,36070,,1.0,2.9945849994905384e-06,0.0
2020-05-13,36150,,1.0,5.775271070446038e-06,0.0
2020-05-13,36250,13.74183450961465,0.8609166576638488,0.0017090887762939296,0.0563726623707297
2020-05-13,36300,,1.0,8.128159284331461e-06,0.0
2020-05-13,36370,12.718289348653768,0.9102085493080749,0.001193194259420085,0.008229880157665743
2020-05-13,36510,8.88989801542858,0.9956349322096432,0.0003671330862075826,0.00024317205971117933
2020-05-13,36580,12.381283892225932,0.968907409664998,0.0002946768258097526,0.0005671570669207802
2020-05-13,36630,25.68577233831455,0.9805837618591455,0.000320523190668234,4.265826546707279e-05
2020-05-13,36660,8.610808052230809,0.9492290707905952,0.00036091536035495525,0.0
2020-05-13,36720,12.195038460515375,0.9022716876134639,0.003157276200723222,0.011524427338663738
2020-05-13,36820,12.711328728784892,0.9413208574345784,0.00022240461692825592,0.0010535170762391618
2020-05-13,36910,11.232890521473255,0.897200525447755,0.0019509865156462694,0.009485965144054365
2020-05-13,36950,,1.0,3.562109287159288e-05,0.0
2020-05-13,36960,,1.0,1.212093928365218e-06,0.0
2020-05-13,37010,11.459851171252222,0.8143064389280981,0.0029780177212895167,0.0002988571263684398
2020-05-13,37300,9.536134595611593,0.9019461911451343,4.367677393332124e-06,0.000131048475392612
2020-05-13,37310,8.965064154434897,0.9256879640708098,0.0003540986376885995,2.339392552245943e-05
2020-05-13,37340,12.330880539063005,0.9475871156689774,0.0004987173328592174,0.0004582774646686063
2020-05-13,37400,,1.0,1.2049639640807166e-05,0.0
2020-05-13,37550,,1.0,5.5311486006002495e-06,0.0
2020-05-13,37570,,1.0,1.3853322644895882e-07,0.0
2020-05-13,37600,,1.0,5.932856358310563e-06,0.0
2020-05-14,30250,,1.0,6.853600302690129e-06,0.0
2020-05-14,30300,,1.0,4.058596155301984e-05,0.0
2020-05-14,30370,10.394639283202665,0.9683159945753664,0.00015527315092810065,0.0
2020-05-14,30410,,1.0,2.1104694282123793e-05,0.0
2020-05-14,30760,,1.0,1.6755416068578013e-05,0.0
2020-05-14,30900,,1.0,3.7075814279406665e-06,0.0
2020-05-14,31000,13.47357793286412,0.815586050353051,0.01917500013424995,0.3955911169648046
2020-05-14,31820,11.309799046567164,0.8981107583811113,0.0013337729980453716,0.0
2020-05-14,31900,9.20618066808895,0.9449573901325181,0.00017875879679943505,0.0
2020-05-14,31950,,1.0,6.6510892783831325e-06,0.0
2020-05-14,32080,11.265293841269644,0.8703902310600715,0.0020474907820762236,0.00646943422646047
2020-05-14,32250,,1.0,2.1247293567813818e-05,0.0
2020-05-14,32260,10.356766820773723,0.964863167334954,0.0002536499359685509,0.0
2020-05-14,32270,17.225697970935908,0.9402827321051308,0.00043464635819243205,0.0004404315613172792
2020-05-14,32310,9.177938610663285,0.976410547850934,0.00011485584366221753,4.7181889929154416e-07
2020-05-14,32330,,1.0,6.0548871014785625e-06,1.5225520563670097e-05
2020-05-14,32450,15.241920884752581,0.9522715478403977,4.780353160020479e-05,0.0
2020-05-14,32500,9.536134595611529,0.9299137414708728,8.544732054542115e-05,0.0002773300481780297
2020-05-14,32600,,1.0,2.638086785265474e-06,0.0
2020-05-14,32770,,1.0,4.400355362593851e-06,0.0
2020-05-14,32810,,1.0,4.167019129856862e-05,0.0
2020-05-14,33100,,1.0,2.638086785265474e-06,0.0
2020-05-14,33200,,1.0,1.3903430354777499e-05,0.0
2020-05-14,33220,13.244708008419773,0.9061865425549126,0.0015010297931011202,0.0
2020-05-14,33360,11.915447601606848,0.8957059961170778,0.0006979973213654555,0.0
2020-05-14,33430,14.098397826576935,0.8797091972046509,0.0072778343230240575,0.03973548979569717
2020-05-14,33610,12.142056666475911,0.9873533623340857,7.329184099923843e-05,0.0
2020-05-14,33620,9.92128699186006,0.9074360603698945,0.0005723139577414305,0.0
2020-05-14,33800,9.257755478971697,0.9680770811519572,8.040577851413589e-05,0.0
2020-05-14,33960,14.195715291276766,0.8637470279887054,0.0033870199890718663,0.09175509371884501
2020-05-14,33980,19.63408941636818,0.8547590520140049,0.0004241479881037597,0.001173630512801969
2020-05-14,34420,,1.0,4.919675356305884e-06,0.0
2020-05-14,34530,14.445041195587253,0.9069180947537662,0.0002445575847213879,0.008695191769042689
2020-05-14,34580,9.271910995968483,0.9501820192529384,0.0006063335033329812,0.010413244229977534
2020-05-14,34590,14.012432296725938,0.845213256680599,0.004939441797678219,0.18117372572855248
2020-05-14,34710,,1.0,3.843050749346191e-05,0.0
2020-05-14,34770,12.473649787751818,0.8461400600385321,0.001591336728657841,0.0
2020-05-14,34800,,1.0,9.521381247185501e-06,0.0
2020-05-14,34860,8.742450586408008,0.9695554352321405,0.00015925258746281453,0.0
2020-05-14,34880,11.525507368196282,0.9315282520275028,0.00034694656671618797,0.008062263114697562
2020-05-14,35010,14.61678572388064,0.8599665710101038,0.005983010201294589,0.14331844174387356
2020-05-14,35250,,1.0,6.702166427431204e-06,0.0
2020-05-14,35300,9.233029805990313,0.8658785161027314,0.00034979604779763286,0.0
2020-05-14,35600,8.754414119418296,0.9820846905537459,4.3777980706837866e-05,0.0
2020-05-14,35670,9.536134595611637,0.9107726382473189,4.903732465167282e-06,0.0001621567278935109
2020-05-14,35740,15.095306363893977,0.9083812174391306,0.0006572374532617317,0.010763658924261357
2020-05-14,35760,,1.0,9.689621462637242e-05,0.0
2020-05-14,35780,,1.0,7.42451142425936e-06,0.0
2020-05-14,35800,,1.0,1.012454928399182e-05,0.0
2020-05-14,36070,,1.0,3.137184285180564e-06,0.0
2020-05-14,36150,,1.0,6.702166427431204e-06,0.0
2020-05-14,36250,13.569005940133493,0.8644913860162222,0.0017007096929026269,0.058777007382133636
2020-05-14,36300,,1.0,7.914260355796422e-06,0.0
2020-05-14,36370,12.536780734336645,0.9111284940560171,0.001202397367175302,0.00816262835892859
2020-05-14,36510,8.93012981472379,0.9916020850842192,0.0003697251413938428,0.0005632227475628156
2020-05-14,36580,12.23118766266455,0.9687920889697177,0.0003011689279091914,0.0005254481761933391
2020-05-14,36630,26.692098078641074,0.9839889591797014,0.00031947812357598033,3.219997849252231e-05
2020-05-14,36660,8.611049282014152,0.9463672905268506,0.0003615984171665362,0.0
2020-05-14,36720,12.22274933336035,0.9002788318174421,0.003134390168056363,0.01229575219845327
2020-05-14,36820,11.715663741664878,0.9534514891669149,0.0002218686423383105,0.0003947099880090886
2020-05-14,36910,10.999544977080546,0.901107604391519,0.0019484393083999915,0.009715586706953099
2020-05-14,36950,,1.0,3.578307213981841e-05,0.0
2020-05-14,36960,,1.0,7.84296071295141e-07,0.0
2020-05-14,37010,11.443753537450014,0.8122376867202264,0.0029915406160130604,0.0
2020-05-14,37300,9.536134595611559,0.9076978796896298,4.534409423515864e-06,0.00015093387175070278
2020-05-14,37310,8.969583638279872,0.9245872448071402,0.00034332002757839236,2.238675042494198e-05
2020-05-14,37340,12.332663711347474,0.950628553739823,0.0004923815803464491,0.0005429474299557564
2020-05-14,37400,,1.0,1.2976534997792332e-05,0.0
2020-05-14,37550,,1.0,5.5311486006002495e-06,0.0
2020-05-14,37570,,1.0,1.2929767801902822e-07,0.0
2020-05-14,37600,,1.0,6.683098683534325e-06,0.0
2020-05-15,30250,,1.0,7.533565586588713e-06,0.0
2020-05-15,30300,,1.0,3.937528647462815e-05,0.0
2020-05-15,30370,12.577944463026975,0.9894145410977488,0.0001347124267420282,0.0
2020-05-15,30410,,1.0,2.153249213919387e-05,0.0
2020-05-15,30760,,1.0,1.6113719282972898e-05,0.0
2020-05-15,30900,,1.0,2.638086785265474e-06,0.0
2020-05-15,31000,13.206377184426044,0.8267289557964898,0.01877915964393635,0.3492707676397569
2020-05-15,31820,11.105414866093595,0.9091372472950785,0.0013245669269258532,3.186154061550311e-05
2020-05-15,31900,9.206143451140361,0.9644724471664468,0.00017459882352656035,0.0
2020-05-15,31950,,1.0,7.810393931489823e-06,0.0
2020-05-15,32080,11.388467412191112,0.8794759742313312,0.0020306527905436535,0.007129863907879563
2020-05-15,32250,,1.0,1.9464802496688498e-05,0.0
2020-05-15,32260,9.317584089234812,0.9765185540396355,0.0002550596760135848,0.0
2020-05-15,32270,15.429504931499928,0.9547641807151156,0.00042271372565701073,0.0004698545165670635
2020-05-15,32310,9.177938610663288,0.9769222496166791,0.00010813391505348043,9.980365876842915e-07
2020-05-15,32330,,1.0,6.845146972580647e-06,0.0
2020-05-15,32450,,1.0,4.493701199095449e-05,0.0
2020-05-15,32500,9.53613459561155,0.9266184713792991,8.707602449760099e-05,0.0003751047792409856
2020-05-15,32600,,1.0,2.8519857138005128e-06,0.0
2020-05-15,32770,,1.0,4.667043566387418e-06,0.0
2020-05-15,32810,,1.0,4.137718562719313e-05,0.0
2020-05-15,33100,,1.0,2.638086785265474e-06,0.0
2020-05-15,33200,,1.0,1.3832130711932486e-05,0.0
2020-05-15,33220,12.963304087757384,0.9131536680001023,0.001496657900377549,0.0
2020-05-15,33360,11.765032419539887,0.9205992587926716,0.0006887445284588524,0.0
2020-05-15,33430,13.468345469688613,0.892398104657546,0.00728395229402905,0.0400292861518081
2020-05-15,33610,12.142056666476158,0.9871658578244575,7.222106037998427e-05,0.0
2020-05-15,33620,9.623976857161836,0.9460102012841224,0.0005784285977886328,0.0
2020-05-15,33800,9.257755478971706,0.9703640248211433,8.179882194191902e-05,0.0
2020-05-15,33830,,1.0,2.4386875388130592e-06,0.0
2020-05-15,33960,13.548869144825598,0.9045441595186561,0.0033476729647163896,0.10148597862633593
2020-05-15,33980,21.186731581392735,0.8950816784821165,0.0003756751395034133,0.0002075831365929552
2020-05-15,34420,,1.0,5.06227464199591e-06,0.0
2020-05-15,34530,15.595738471371362,0.9191995468598813,0.0002541557658861092,0.011262782810620707
2020-05-15,34580,8.663531103642905,0.9619353232171488,0.000622179126365736,0.011442929128931389
2020-05-15,34590,13.20116349710189,0.8689483279539902,0.004949640102582058,0.1922203167281561
2020-05-15,34710,,1.0,3.9642601421827126e-05,0.0
2020-05-15,34770,11.482887851044445,0.872216092813828,0.0015885418410630484,0.0
2020-05-15,34800,,1.0,1.0534110142465479e-05,0.0
2020-05-15,34860,8.742450586407985,0.9826413512842979,0.00014786791209724882,0.0
2020-05-15,34880,14.322105777810748,0.9467914244886607,0.0003437853441373742,0.009385527116931323
2020-05-15,35010,13.368212192276657,0.8857651141387796,0.0059667901508128765,0.15716734877431157
2020-05-15,35250,,1.0,6.702166427431204e-06,0.0
2020-05-15,35300,9.213446613940175,0.8809425382389418,0.000344947672084172,0.0
2020-05-15,35600,,1.0,4.085469535019234e-05,0.0
2020-05-15,35670,9.53613459561161,0.9040450995451343,5.110116082791168e-06,0.00020123321559672902
2020-05-15,35740,14.30275761900656,0.9105273676151208,0.0006556776186661918,0.008805027798705753
2020-05-15,35760,,1.0,9.582671998369723e-05,0.0
2020-05-15,35780,,1.0,7.16491312271183e-06,0.0
2020-05-15,35800,,1.0,1.0694946426751922e-05,0.0
2020-05-15,36070,,1.0,2.424187856730436e-06,0.0
2020-05-15,36150,,1.0,6.559567141741179e-06,0.0
2020-05-15,36250,12.333045901577304,0.8889292964448453,0.0017082799838266753,0.06519039553412834
2020-05-15,36300,,1.0,7.700361427261384e-06,0.0
2020-05-15,36370,13.171062409892775,0.9211365330235991,0.001207843410650878,0.008899843023252833
2020-05-15,36510,8.657433748192629,0.9959960575273562,0.0003761359649654342,0.0005385553053666644
2020-05-15,36580,8.808112228166666,0.9793786652393232,0.0003108032189983821,0.0002861730349798377
2020-05-15,36630,24.71040274126868,0.9914062504865386,0.0003235707611211832,0.0
2020-05-15,36660,8.61116761771288,0.9512675042015892,0.00036869669206495174,0.0
2020-05-15,36720,11.337165469871845,0.9168617257527413,0.0031259439724706027,0.012024213599115163
2020-05-15,36820,10.35515810578962,0.9760258048235544,0.0002136955590984246,0.0004685888096843607
2020-05-15,36910,10.220376458425136,0.9142661474928686,0.0019214154835841637,0.009801416713074405
2020-05-15,36950,,1.0,3.354718294179049e-05,0.0
2020-05-15,37010,11.345554222000425,0.8293110953986983,0.002952840880013189,0.0
2020-05-15,37300,9.536134595611625,0.902032492669969,4.7337200036077715e-06,0.00018936546506946963
2020-05-15,37310,8.708397718436167,0.9379855742072325,0.0003270129942088842,1.7736657502157792e-05
2020-05-15,37340,11.038837222402538,0.9654403799748207,0.0004868894883440113,0.00019611808827128742
2020-05-15,37400,,1.0,1.2691336426412281e-05,0.0
2020-05-15,37550,,1.0,5.659779963404907e-06,0.0
2020-05-15,37570,,1.0,7.080587129613452e-08,0.0
2020-05-15,37600,,1.0,6.1034512467074754e-06,0.0
2020-05-16,30250,,1.0,7.174563960497298e-06,0.0
2020-05-16,30300,,1.0,3.98758028245168e-05,0.0
2020-05-16,30370,12.578388755624443,0.9861640654808346,0.00013913699534705957,0.0
2020-05-16,30410,,1.0,2.1318593210658832e-05,0.0
2020-05-16,30760,,1.0,1.8324008211168293e-05,0.0
2020-05-16,30900,,1.0,1.7824910711253204e-06,0.0
2020-05-16,31000,11.619461329025048,0.8865130210277828,0.017566297440980823,0.39596455544551695
2020-05-16,31820,10.570485777668962,0.9433353662993779,0.0013224461138497704,0.0
2020-05-16,31900,,1.0,0.00017439877769839159,0.0
2020-05-16,31950,,1.0,5.954775332518874e-06,0.0
2020-05-16,32080,11.41217840306388,0.921173295636028,0.0019734809191941853,0.0085789169512039
2020-05-16,32250,,1.0,1.846660749685832e-05,0.0
2020-05-16,32260,9.317584089234789,0.9912288176172924,0.0002601232617780899,0.0
2020-05-16,32270,18.96870509681266,0.9759382766255944,0.0004164255049696136,0.0006974595379905324
2020-05-16,32310,9.177938610663258,0.9924382269452611,0.00011314749966001159,0.0
2020-05-16,32330,,1.0,6.780655079483681e-06,0.0
2020-05-16,32450,12.948540762376982,0.9833179979144371,4.701450504996005e-05,0.0
2020-05-16,32500,9.536134595611637,0.9533973936065133,8.09549869756276e-05,0.0004351248396487016
2020-05-16,32600,,1.0,3.065884642335551e-06,0.0
2020-05-16,32770,,1.0,3.955875022937908e-06,0.0
2020-05-16,32810,,1.0,4.4014922255608846e-05,0.0
2020-05-16,33100,,1.0,2.424187856730436e-06,0.0
2020-05-16,33200,,1.0,1.3546932140552434e-05,0.0
2020-05-16,33220,12.092617945489053,0.9531202067931808,0.0015011317813959772,0.0
2020-05-16,33360,10.601186940475822,0.9463793568392168,0.0006914466536373628,0.0
2020-05-16,33430,11.453928297584238,0.9307287591870256,0.007440740335935876,0.02108189457698607
2020-05-16,33610,,1.0,7.226786826956137e-05,0.0
2020-05-16,33620,9.392253043907342,0.9538157460486528,0.0005851034135297889,0.0
2020-05-16,33800,,1.0,8.487464953904064e-05,0.0
2020-05-16,33960,11.345390494340107,0.9360697062214967,0.0034106183092875173,0.08000715330550033
2020-05-16,33980,20.611240974870697,0.91595276142592,0.00036687439785886835,0.000397645696596478
2020-05-16,34420,,1.0,4.705776427770846e-06,0.0
2020-05-16,34530,11.178516031655075,0.9563640537189563,0.0002778747647749108,0.008633979712903759
2020-05-16,34580,8.66337899182263,0.9773932687301184,0.0006686649485075731,0.013259904995055749
2020-05-16,34590,11.141773824493574,0.9213763888004841,0.004997415225338259,0.1765530027349582
2020-05-16,34710,,1.0,3.843050749346191e-05,0.0
2020-05-16,34770,9.83529853254451,0.9383840336427561,0.0015691114075413813,0.0
2020-05-16,34800,,1.0,8.45661708345991e-06,0.0
2020-05-16,34860,,1.0,0.00015423684780009126,0.0
2020-05-16,34880,11.4626199787527,0.9686198688178873,0.00035031621241137813,0.01123426746008921
2020-05-16,35010,11.770713802246865,0.9218892415944239,0.006135954838642495,0.16333791561667713
2020-05-16,35250,,1.0,5.5613721419109995e-06,0.0
2020-05-16,35300,9.14106780857179,0.9158184902459712,0.00033624911565708043,0.0
2020-05-16,35600,,1.0,3.914350392191203e-05,0.0
2020-05-16,35670,9.53613459561159,0.9400418521035443,4.956097605371745e-06,0.00022267391856499973
2020-05-16,35740,13.84773095135057,0.9536448314266223,0.0006551168311616013,0.00784441291725184
2020-05-16,35760,,1.0,9.78944096262026e-05,0.0
2020-05-16,35780,,1.0,6.697636179926276e-06,0.0
2020-05-16,35800,,1.0,9.696751426921744e-06,0.0
2020-05-16,36070,,1.0,2.7806860709554997e-06,0.0
2020-05-16,36150,,1.0,6.559567141741179e-06,0.0
2020-05-16,36250,11.10539677863455,0.9308354114621118,0.0017446624370457636,0.06129463300233121
2020-05-16,36300,,1.0,7.6290617844163715e-06,0.0
2020-05-16,36370,11.450162326314281,0.9551198865880773,0.00117392856283524,0.010068488811649998
2020-05-16,36510,8.638809022407138,0.9988045202497675,0.00040301679298920714,0.00040168393342561296
2020-05-16,36580,8.823549384593356,0.9848621916145462,0.0003301512946441636,0.0002037452490315373
2020-05-16,36630,,1.0,0.00032576709519895953,0.0
2020-05-16,36660,8.61080805223082,0.9748291938391653,0.00037390748613311725,0.0
2020-05-16,36720,10.091499841970059,0.9534452345439478,0.0032263755276680773,0.011307513224646671
2020-05-16,36820,,1.0,0.00022293954538130765,0.0
2020-05-16,36910,9.451616434418492,0.949078850827556,0.0018863480719978807,0.012578082081268602
2020-05-16,36950,,1.0,3.444225774164612e-05,0.0
2020-05-16,36960,,1.0,1.4972924997452692e-06,0.0
2020-05-16,37010,10.952945674123225,0.8918624889913291,0.0028839635284289063,0.0
2020-05-16,37300,9.536134595611626,0.9386716459499718,4.555908780638068e-06,0.00021087646938211356
2020-05-16,37310,8.71185323292703,0.9723037141404016,0.0003238180698110547,1.263221160208607e-05
2020-05-16,37340,9.168230355598697,0.9757075334244577,0.0004813484620929677,0.0004883882652392099
2020-05-16,37400,,1.0,1.2049639640807166e-05,0.0
2020-05-16,37550,,1.0,5.788411326209563e-06,0.0
2020-05-16,37570,,1.0,1.1698361344578744e-07,0.0
2020-05-16,37600,,1.0,5.537532732340554e-06,0.0
2020-05-17,30250,,1.0,6.754340404096211e-06,0.0
2020-05-17,30300,,1.0,4.1912247195032064e-05,0.0
2020-05-17,30370,11.250839790262539,0.980952346126237,0.00014598575180882134,0.0
2020-05-17,30410,,1.0,2.024909856798364e-05,0.0
2020-05-17,30760,,1.0,1.5899820354437858e-05,0.0
2020-05-17,30900,,1.0,3.137184285180564e-06,0.0
2020-05-17,31000,11.30185424123213,0.8944675871786663,0.01780402876366843,0.5273014339118681
2020-05-17,31820,10.53914243116251,0.944733660026925,0.0013417141173983846,0.0
2020-05-17,31900,9.207207466096333,0.9850420182286062,0.0001858998167970352,0.0
2020-05-17,31950,,1.0,5.8482828395015075e-06,0.0
2020-05-17,32080,11.00725801761668,0.9219116655430811,0.001998419959950012,0.008987257800719323
2020-05-17,32250,,1.0,1.9892600353758574e-05,0.0
2020-05-17,32260,9.317584089234854,0.9912961788893809,0.00026213642744297126,0.0
2020-05-17,32270,17.507128414925813,0.9733528524399092,0.0004284352808328451,0.000872391308434559
2020-05-17,32310,20.6235759795325,0.9999884046059557,0.00011334711290927344,0.0
2020-05-17,32330,,1.0,6.762480160316154e-06,0.0
2020-05-17,32450,12.894610702208423,0.9803521267650592,4.784059708355011e-05,3.364216110483499e-05
2020-05-17,32500,9.53613459561161,0.9717061728160067,8.13554963322335e-05,0.00022025550226963705
2020-05-17,32600,,1.0,1.7111914282803076e-06,0.0
2020-05-17,32770,,1.0,4.133667158800285e-06,0.0
2020-05-17,32810,,1.0,4.3362211020586336e-05,0.0
2020-05-17,33100,,1.0,2.424187856730436e-06,0.0
2020-05-17,33200,,1.0,1.4402527854692589e-05,0.0
2020-05-17,33220,13.425978140129029,0.952360104971461,0.00151310028859479,0.0
2020-05-17,33360,11.099752457848298,0.9402713000734398,0.0007042977551877245,0.0
2020-05-17,33430,13.404647425851032,0.9315261494389102,0.007490567641622644,0.018987593947473493
2020-05-17,33610,,1.0,7.216477723340168e-05,0.0
2020-05-17,33620,9.269623339393096,0.9569863369895838,0.0005901072142281456,0.0
2020-05-17,33800,,1.0,8.1653723862162e-05,0.0
2020-05-17,33960,13.356377157678551,0.9153364305865108,0.0035063541180333155,0.05799175862930627
2020-05-17,33980,19.782331375189578,0.894503457970346,0.000397316858859562,0.0003754532443588031
2020-05-17,34420,,1.0,4.990974999150897e-06,0.0
2020-05-17,34530,17.77688371284429,0.9493004615953634,0.00027830517616128956,0.006804738109889996
2020-05-17,34580,8.663355899319427,0.9748933428202236,0.0006750520804731619,0.009967138816688823
2020-05-17,34590,12.46658760686401,0.9091416208065143,0.005089403792991502,0.155328355892042
2020-05-17,34710,,1.0,3.821660856492687e-05,0.0
2020-05-17,34770,10.866078957440283,0.9306540759595747,0.0015946971301175356,0.0
2020-05-17,34800,9.070195017094687,0.906526076713784,7.48792576417984e-06,8.840898278089477e-06
2020-05-17,34860,8.74245058640797,0.9916556473520999,0.00015380385098335991,0.0
2020-05-17,34880,10.972689132678669,0.9594355801890871,0.0003564094030135414,0.006663017343787377
2020-05-17,35010,13.627925832938613,0.9135819493666589,0.0062636417635931535,0.11020830166795935
2020-05-17,35250,,1.0,5.5613721419109995e-06,0.0
2020-05-17,35300,9.244644625245312,0.9248042851256696,0.0003460884663696922,0.0
2020-05-17,35600,,1.0,4.1211193564417406e-05,0.0
2020-05-17,35670,9.536134595611623,0.9651937053207914,4.950950996928289e-06,0.0001234541414828124
2020-05-17,35740,10.81774840763917,0.965168235664656,0.0006469307617796013,0.011636764330101796
2020-05-17,35760,,1.0,0.00010110289355422818,0.0
2020-05-17,35780,,1.0,6.438037878378746e-06,0.0
2020-05-17,35800,,1.0,1.0195848926836832e-05,0.0
2020-05-17,36070,,1.0,3.065884642335551e-06,0.0
2020-05-17,36150,,1.0,5.917870356136063e-06,0.0
2020-05-17,36250,13.23486849465388,0.9182935919440909,0.0017840751962791702,0.04439372309110337
2020-05-17,36300,,1.0,8.270758570021487e-06,0.0
2020-05-17,36370,10.942925778287478,0.9526282480779451,0.0011876867803750192,0.010212673487647948
2020-05-17,36510,8.74179285447012,0.9990545376160216,0.0004043249839186694,0.0002289725028329976
2020-05-17,36580,8.964917336274183,0.9843841392250652,0.0003277349012156842,0.0001632340130834206
2020-05-17,36630,24.710402741268346,0.9965581259861763,0.0003314456836416416,0.0
2020-05-17,36660,8.61080805223081,0.971534513356102,0.00036820194326323333,0.0
2020-05-17,36720,11.082245011937362,0.9534353951030836,0.003275057099865264,0.004781721755698146
2020-05-17,36820,9.334689385998288,0.9963631583904714,0.00022607937834148787,7.583676092214918e-05
2020-05-17,36910,9.842280622523536,0.9513703711924132,0.001900597500487101,0.012292405062071089
2020-05-17,36950,,1.0,3.534355282879876e-05,0.0
2020-05-17,37010,11.248395229137884,0.8928944067005776,0.0029290451091251307,9.52160364862866e-07
2020-05-17,37300,9.53613459561157,0.9638451575620902,4.533394731655297e-06,0.00011551670062710842
2020-05-17,37310,8.710537304234283,0.9840408184987846,0.00032613664599838796,0.0
2020-05-17,37340,9.168230355598718,0.9810572983105722,0.0004968432175012499,0.00045840291661930927
2020-05-17,37400,,1.0,1.2120939283652179e-05,0.0
2020-05-17,37550,,1.0,4.887991786576965e-06,0.0
2020-05-17,37570,,1.0,3.386367757641216e-08,0.0
2020-05-17,37600,,1.0,5.912653894952435e-06,0.0
